13;Aaron;m
1;Aathiran;m
1;Abbas;m
1;Abbos;m
1;Abd;m
1;Abdalkader;m
1;Abdel;m
1;Abdelhameed;m
1;Abdel-Latif;m
1;Abdelmalik;m
1;Abderrahman;m
1;Abdiqani;m
3;Abdul;m
1;Abdul-Hadi;m
1;Abdulhakim;m
1;Abdulla;m
1;Abdulrahim;m
1;Abdulrahman;m
1;Abdulsalam;m
1;Abdulsami;m
1;Abed;m
2;Abel;m
1;Ábel;m
1;Abou;m
3;Abraham;m
1;Abrar;m
1;Abu-Bakr;m
1;Acheampong;m
1;Achilleas;m
1;Achim;m
38;Adam;m
1;Adam-Amir;m
1;Adam-Marie;m
1;Adam-Yazid;m
1;Aday;m
2;Adel;m
3;Adem;m
2;Adham;m
1;Adhiyan;m
1;Adil;m
1;Adnan;m
1;Adolphus;m
1;Adonis;m
9;Adrian;m
2;Adriano;m
1;Adrianos;m
1;Afanyu;m
1;Agin;m
1;Ahamed;m
1;Ahishan;m
4;Ahmad;m
5;Ahmed;m
2;Ahmet;m
1;Aidan;m
2;Aiden;m
1;Aik;m
1;Ajan;m
1;Akasha;m
1;Akhil;m
2;Akif;m
1;Akihito;m
1;Akira;m
1;Akito;m
2;Akram;m
1;Akwasi;m
1;Aladdin;m
2;Alan;m
1;Aland;m
7;Albert;m
1;Albion;m
2;Albrecht;m
2;Alejandro;m
1;Aleks;m
2;Aleksandar;m
2;Aleksander;m
1;Aleksandrov;m
1;Aleksey;m
1;Alend;m
1;Aleqs;m
2;Alessandro;m
9;Alessio;m
3;Alex;m
117;Alexander;m
1;Alexander-Lutz;m
1;Alexander-Maximilian;m
3;Alexandre;m
1;Alexandro;m
5;Alexandros;m
1;Alexandrovna;m
2;Alexej;m
1;Alexis;m
1;Alfons;m
3;Alfred;m
1;Alhamisi;m
22;Ali;m
1;Ali-Can;m
1;Alihan;m
1;Ali-Haydar;m
1;Ali-Osman;m
1;Alioune;m
1;Aljoscha;m
1;Aloïs;m
2;Aloys;m
4;Alp;m
1;Alpaslan;m
2;Alper;m
1;Alperen;m
1;Alrahim;m
1;Altin;m
1;Alvise;m
1;Alwin;m
1;Amad;m
1;Amadio;m
1;Aman;m
5;Amar;m
1;Amari;m
2;Amaro;m
1;Amaru;m
1;Ambrósio;m
1;Ameen;m
1;Amiel;m
1;Amil;m
8;Amin;m
19;Amir;m
1;Ammar;m
1;Ammor-Jon;m
1;Amon;m
1;Amonbekovič;m
1;Amrian;m
1;Amson;m
1;Anar;m
4;Anas;m
1;Anass;m
1;Andes;m
1;Andjelo;m
4;André;m
1;Andrea;m
12;Andreas;m
1;Andreas-Ștefan;m
5;Andrei;m
3;Andrej;m
2;Andrew;m
1;Andriano;m
1;Andrianov;m
1;Andriijevič;m
1;Andrzej;m
2;Anes;m
1;Angad;m
1;Ange-Kylian;m
1;Angel;m
1;Ángel;m
1;Angelo;m
2;Anh;m
1;Anir;m
2;Anis;m
1;Ankush-Sharma;m
1;Ans;m
1;Ansong;m
1;Ansouman;m
3;Anthony;m
1;Antik;m
2;Antoine;m
79;Anton;m
2;Antoni;m
1;Antonin;m
1;Antonino;m
8;Antonio;m
1;Antonios-Arber;m
2;Antonius;m
2;Anuar;m
1;Aqib;m
2;Aram;m
1;Aran;m
8;Aras;m
2;Arda;m
1;Aren;m
1;Arez;m
1;Argirios;m
1;Argyrios;m
1;Arham;m
3;Ari;m
8;Arian;m
1;Aries;m
3;Arijan;m
2;Arik;m
2;Aris;m
1;Arjen;m
1;Arjon;m
1;Arjun;m
2;Armaan;m
1;Arman;m
2;Armando;m
3;Armin;m
1;Arminius;m
1;Arnaud;m
1;Arne;m
2;Arno;m
2;Arnold;m
1;Aron;m
1;Art;m
1;Artan;m
1;Artem;m
15;Arthur;m
1;Arthur-Harold;m
5;Artur;m
1;Arturovič;m
2;Arvid;m
1;Ary;m
3;Aryan;m
1;Aryash;m
1;Aryo;m
1;Aryos;m
2;Asaf;m
1;Asam;m
1;Ascanio;m
1;Asher;m
1;Ashwin;m
2;Aslan;m
1;Asman;m
1;Ata;m
2;Athanasios;m
1;Atharv;m
1;Atilla;m
1;Attilio;m
7;August;m
1;Augustin;m
1;Augustin-Sebastian;m
1;Augustus;m
1;Aurélien;m
1;Aurelio;m
1;Aurelius;m
1;Austin;m
1;Avitus;m
1;Awal;m
4;Axel;m
1;Ayaan;m
2;Ayan;m
6;Ayaz;m
1;Aychan;m
1;Ayden;m
1;Ayham;m
8;Ayman;m
1;Aymen;m
1;Ayoub;m
2;Aziz;m
1;Azmi;m
1;Bahador;m
1;Baichen;m
1;Bakari;m
2;Bakr;m
1;Baldassare;m
1;Baldur;m
1;Balz;m
1;Bao;m
1;Baraa;m
3;Baran;m
1;Barbaros;m
1;Bartu;m
1;Bas;m
1;Bashar;m
1;Bashir;m
1;Basset;m
4;Bastian;m
1;Battista;m
1;Batu;m
1;Bayan;m
1;Baybars;m
1;Baz;m
1;Bedirhan;m
1;Bedran;m
4;Bela;m
1;Béla;m
53;Ben;m
1;Benedek;m
5;Benedict;m
18;Benedikt;m
1;Ben-Elias;m
1;Beniamin;m
1;Benito;m
35;Benjamin;m
1;Benne;m
4;Bennet;m
2;Bennett;m
6;Benno;m
1;Bent;m
1;Bente;m
3;Berat;m
1;Berkin;m
1;Bernardo;m
2;Bernhard;m
1;Berzan-Ulaş;m
1;Beyazid;m
10;Bilal;m
1;Binyamin;m
1;Birjon;m
3;Bjarne;m
1;Bjarni;m
1;Blagovesov;m
5;Bo;m
1;Bodhi;m
1;Bodo;m
3;Bogdan;m
1;Bogue;m
1;Boone;m
1;Boran;m
2;Boris;m
1;Bram;m
3;Brandon;m
1;Brayn;m
2;Brian;m
1;Bright;m
9;Bruno;m
1;Bryan;m
1;Burak;m
1;Burak-Eymen;m
1;Burç;m
1;Byron;m
1;Çagăn;m
1;Caio;m
3;Caius;m
1;Cajetan;m
2;Cajus;m
1;Çakır;m
1;Cameron;m
14;Can;m
1;Can-Armağan;m
23;Carl;m
1;Carl-Ferdinand;m
5;Carlo;m
6;Carlos;m
1;Carson;m
1;Carsten;m
1;Cartier;m
10;Caspar;m
7;Casper;m
2;Cem;m
2;Cemal;m
1;Cem-Aslan;m
1;Cenk;m
2;Cesar;m
1;Cesur;m
1;Cevdet;m
1;Cezar;m
1;Cezary;m
1;Chaled;m
1;Charalampos;m
3;Charlie;m
1;Charly-Amandus;m
1;Che;m
1;Cheng;m
1;Chenxuan;m
1;Chen-Yi;m
1;Chester;m
1;Chili;m
1;Chinedu;m
1;Chris;m
21;Christian;m
9;Christoph;m
6;Christopher;m
4;Christos;m
1;Chun;m
1;Cihan;m
1;Cihangir;m
1;Cinar-Alp;m
2;Claas;m
1;Claudiua;m
1;Claus;m
10;Clemens;m
3;Colin;m
1;Colton;m
1;Conan;m
2;Conner;m
1;Conrad;m
23;Constantin;m
1;Constantine;m
6;Cornelius;m
1;Cosmo;m
2;Cristian;m
1;Csegő;m
1;Cumhurcan;m
1;Dalian;m
7;Damian;m
1;Damijan;m
1;Damino;m
1;Damyar;m
1;Dan;m
1;Dancho;m
1;D'Angelo;m
1;Danh;m
1;Dani;m
20;Daniel;m
1;Daniel-Bilal;m
1;Danijel;m
1;Danil;m
1;Danin;m
1;Danny;m
2;Dante;m
1;Danyal;m
1;Daoud;m
1;Daran;m
3;Darian;m
1;Darijan;m
1;Dario;m
2;Darius;m
1;Darko;m
1;Darsian;m
1;Daud;m
1;Dave;m
1;Davi;m
46;David;m
1;Davíd;m
1;Dávid;m
2;Davin;m
1;Davor;m
1;Davut;m
1;Dayyan;m
1;De;m
1;Dean;m
1;Deen;m
1;Dejan;m
1;Delano;m
1;Deluan;m
1;Demir-Valerio;m
1;Demnis-Alexander;m
1;Denby;m
3;Denis;m
5;Deniz;m
1;Deniz-Taylan;m
2;Dennis;m
1;Derian;m
1;Derick;m
1;Detlef;m
1;Devansh;m
3;Devin;m
1;Dexter;m
1;Dhia;m
1;Dhruv;m
2;Dian;m
1;Diar;m
1;Dias;m
1;Didier;m
9;Diego;m
3;Dieter;m
1;Dietrich;m
1;Dijar;m
2;Dilian;m
1;Dimany;m
3;Dimitrios;m
1;Din;m
1;Dior;m
2;Dirk;m
1;Diyan;m
2;Diyar;m
1;Djieyo;m
1;Dmitri;m
1;Dmitrievič;m
1;Dmytrovič;m
1;Dogan;m
3;Dominic;m
9;Dominik;m
1;Dominique;m
2;Don;m
1;Donatello;m
1;Donatus;m
1;Dongseon;m
1;Dongteng;m
2;Dorian;m
2;Doruk;m
1;Dragan-Zoran;m
1;Drileba;m
1;Driton;m
1;Durmus;m
1;Dybala;m
3;Dylan;m
1;Dženan;m
1;Ebrima;m
1;Ebubechukwu;m
1;Eddie;m
1;Edem;m
1;Eden;m
3;Edgar;m
1;Edis;m
1;Edmund;m
2;Eduard;m
1;Eduardo;m
1;Edvard;m
1;Edvin;m
2;Edward;m
1;Eesa;m
6;Efe;m
1;Efstratios;m
1;Ege;m
1;Egehan;m
1;Egon;m
1;Ehiorguduwa;m
1;Eitan;m
1;Ejupkan;m
1;Ekam;m
1;Ekrem;m
2;El;m
1;Elay-Thomas;m
1;Eldar;m
1;Eldi;m
1;Elham;m
1;Eli;m
5;Elia;m
2;Eliah;m
2;Elian;m
1;Eliano;m
68;Elias;m
2;Elija;m
1;Elijah;m
1;Elino;m
3;Elio;m
1;Elis;m
1;Elisa;m
1;Elisio;m
1;Eliya;m
2;Elliot;m
1;Elmar;m
1;Eloghosa;m
1;Elouan;m
1;Elyan;m
9;Elyas;m
1;Emad;m
5;Emanuel;m
1;Emeka;m
1;Émery;m
57;Emil;m
11;Emilian;m
10;Emilio;m
1;Emilius;m
5;Emin;m
9;Emir;m
1;Emirhan;m
2;Emmanuel;m
1;Emre;m
1;En;m
1;Enar;m
1;Enca;m
1;Ener;m
4;Enes;m
2;Engin;m
1;Enke;m
1;Ennio;m
3;Enno;m
1;Enoch;m
1;Enrico;m
1;Enriko;m
3;Enzo;m
1;Enzy;m
1;Ephraim;m
1;Eray;m
1;Erdem;m
1;Erdoğan;m
7;Eren;m
1;Eri;m
1;Erian;m
2;Eric;m
5;Erich;m
1;Erick;m
28;Erik;m
1;Ernest;m
3;Ernst;m
1;Erol;m
1;Eromonsele;m
2;Eron;m
1;Ersin;m
2;Ertuğrul;m
1;Ervin;m
2;Erwin;m
1;Esosa;m
1;Eşref;m
1;Ethan;m
1;Etiendem;m
1;Etienne-Lorenz;m
2;Eugen;m
1;Evangelos;m
1;Evren;m
1;Ewald;m
6;Eymen;m
1;Eytan;m
1;Eyup;m
1;Eyyüb;m
1;Eyyup;m
3;Ezra;m
8;Fabian;m
3;Fabio;m
1;Fabrizio;m
1;Faidon;m
1;Faiz;m
1;Fares;m
3;Faris;m
1;Farman;m
1;Farmast;m
1;Fateme;m
1;Fathi;m
1;Faysal;m
1;Federico;m
1;Fedi;m
1;Fehmi;m
1;Felias;m
1;Felino;m
5;Felipe;m
57;Felix;m
1;Felix-Maximilian;m
1;Fenno;m
1;Feramuz;m
30;Ferdinand;m
1;Feriz;m
4;Fernando;m
1;Fero;m
1;Ferris;m
1;Fida;m
7;Fiete;m
1;Figence;m
2;Filip;m
1;Filipe;m
1;Filipp;m
1;Filippo;m
1;Filippos;m
1;Finjas;m
29;Finn;m
1;Finn-Laurin;m
1;Finn-Louis;m
1;Fiodor;m
1;Fionas;m
1;Firas;m
1;Fitz;m
1;Flin;m
2;Flinn;m
1;Florenc;m
4;Florentin;m
12;Florian;m
1;Florin;m
2;Floris;m
3;Fotios;m
5;Francesco;m
1;Francisc;m
2;Francisco;m
1;Franco;m
1;Frank;m
6;Franz;m
2;Fred;m
1;Freddie;m
3;Frederic;m
1;Frédéric;m
4;Frederick;m
28;Frederik;m
1;Free;m
1;Frido;m
1;Friederik;m
1;Friedhelm;m
1;Friedolin;m
30;Friedrich;m
15;Fritz;m
3;Fynn;m
24;Gabriel;m
1;Gabrieli;m
1;Gabrijel-Zarko;m
1;Gabryel;m
1;Gael;m
1;Gaetano;m
1;Gautam;m
18;Georg;m
5;George;m
1;Georgi;m
3;Georgiev;m
1;Georgios;m
1;Georgy;m
1;Geraldino;m
1;Gerardus;m
1;Gerd;m
2;Gerhard;m
1;Gero;m
1;Gerrit;m
1;Gevorg;m
1;Gheorghe;m
2;Gianni;m
1;Giannis;m
1;Giante;m
1;Gilbert;m
1;Gioksel;m
1;Giona;m
1;Giovanni;m
1;Gisbert;m
2;Giuliano;m
1;Giulio;m
1;Giulio-Alfredo;m
1;Giuseppe;m
1;Gleb;m
1;Gohar;m
1;Gordon;m
1;Görkem;m
1;Gorreh;m
1;Gregor;m
2;Gregorios;m
1;Gregory;m
1;Grégory;m
1;Guglielmo;m
1;Guiliano;m
1;Güney;m
1;Gunnar;m
3;Günter;m
3;Günther;m
3;Gustav;m
1;Guyin;m
2;Hadi;m
1;Hadis;m
2;Hagen;m
2;Hajo;m
1;Hajun;m
1;Hakim;m
1;Halil;m
1;Halis;m
7;Hamza;m
1;Hamzah;m
1;Hamzić;m
2;Han;m
12;Hannes;m
4;Hanno;m
1;Hanns;m
4;Hans;m
1;Haobo;m
3;Haris;m
2;Haroun;m
1;Harrison;m
1;Haru;m
1;Harun;m
1;Harvey;m
1;Harvie;m
2;Hasan;m
1;Haschem;m
1;Hasim;m
3;Hassan;m
1;Hastyar;m
1;Hatem;m
1;Havyar;m
1;Hayato;m
1;Haydar;m
1;Hayo;m
1;Hayri;m
1;Haytam;m
1;Haytham;m
1;Hector;m
1;Hedin;m
2;Hei;m
1;Heimart;m
1;Heiner;m
10;Heinrich;m
2;Heinz;m
1;Helge;m
1;Hemanth;m
4;Hendrik;m
1;Hengdi;m
1;Henner;m
3;Henning;m
35;Henri;m
1;Henrie;m
6;Henrik;m
50;Henry;m
1;Herbert;m
1;Herkules;m
4;Hermann;m
1;Herschel;m
1;Hervé;m
1;Hilmi;m
1;Hinrich;m
1;Hiroshi;m
1;Hiroya;m
1;Hjalmar;m
1;Hoang;m
1;Holger;m
1;Honeff;m
1;Hope;m
1;Horus;m
1;Hovsep;m
3;Hubertus;m
1;Hugh;m
11;Hugo;m
1;Hüseyin;m
1;Huseyn;m
1;Hussein;m
1;Hynek;m
2;Ian;m
1;Iason;m
13;Ibrahim;m
1;Ibrahima;m
1;Idris;m
1;Idriss;m
1;Ignacy;m
1;Ihlas-Alp;m
1;İhsan;m
1;Ikenna;m
1;Ikhlas;m
1;Ilai;m
4;Ilay;m
1;Ilian;m
8;Ilias;m
1;Ilker-Yunus;m
1;Ilkim;m
1;Ilyan;m
13;Ilyas;m
1;Iman;m
1;Imani;m
2;Immanuel;m
1;Immanüel;m
2;Imran;m
1;Inhwi;m
1;Ioan;m
5;Ioannis;m
1;Ion;m
1;Ionut;m
1;Iordanis;m
1;Iron;m
3;Isa;m
1;Isaac;m
1;Isaak;m
1;Isaiah;m
1;Ishak;m
2;Ishaq;m
2;Ismael;m
2;Ismail;m
2;İsmail;m
3;Issa;m
1;Îssa;m
1;Isterjan;m
1;Istilian;m
1;Itsuki;m
9;Ivan;m
2;Ivano;m
1;Ivanov;m
1;Ivanovič;m
2;Ivaylov;m
1;Ivelinov;m
1;Ivica;m
1;Ivo;m
1;Iwo;m
3;Iyad;m
5;Jack;m
1;Jackson;m
1;Jackson-Renee;m
15;Jacob;m
1;Jacobo;m
1;Jacques;m
1;Jacub;m
5;Jad;m
1;Jaden;m
1;Jaehwan;m
1;Jagat;m
1;Jaitegh;m
49;Jakob;m
1;Jakov;m
4;Jakub;m
4;Jamal;m
5;James;m
1;Jamie;m
2;Jamil;m
1;Jamilio;m
1;Jamin;m
1;Jamukha;m
34;Jan;m
4;Janne;m
4;Jannes;m
6;Jannik;m
1;Jan-Niklas;m
7;Jannis;m
2;Janno;m
3;Jano;m
1;Janoro;m
3;Janosch;m
1;Janus;m
1;Janusz;m
1;Jaques;m
1;Jarl;m
2;Jarne;m
2;Jaro;m
7;Jaron;m
1;Jaroslaw;m
1;Jarvis;m
1;Jashar;m
1;Jasin;m
1;Jasir;m
1;Jasko;m
13;Jasper;m
1;Jassim;m
1;Javed;m
1;Jax;m
1;Jay;m
3;Jayden;m
1;Jayden-Dennis;m
1;Jaysaja;m
1;Jean;m
1;Jean-Marc;m
1;Jean-Pierre;m
1;Jelle;m
1;Jenik;m
2;Jens;m
1;Jeremia;m
1;Jeremie;m
1;Jeremine;m
2;Jeremy;m
1;Jericho;m
1;Jerome;m
1;Jérôme;m
1;Jesko;m
2;Jesper;m
1;Jesse;m
1;Jimano;m
1;Jimenez;m
1;Jimmy;m
1;Jinyu;m
1;Jiwon;m
2;Jiyan;m
1;Jo;m
4;Joachim;m
1;Joaquin;m
2;Jochen;m
10;Joel;m
3;Johan;m
29;Johann;m
26;Johannes;m
1;Johannes-Franz;m
7;John;m
1;Johnnie;m
1;Johnson;m
5;Jon;m
9;Jona;m
15;Jonah;m
61;Jonas;m
45;Jonathan;m
1;Jonn;m
1;Jonne;m
9;Jonte;m
1;Jood;m
1;Joona;m
1;Jordan;m
1;Jorel;m
1;Jorik;m
2;Jorin;m
7;Joris;m
1;Jos;m
1;Josch;m
3;Joscha;m
2;Joschua;m
4;José;m
7;Josef;m
6;Joseph;m
17;Joshua;m
1;Josi;m
1;Josiah;m
1;Josua;m
1;Joud;m
1;Jovan;m
1;Jovan-Andjelo;m
1;Jozef;m
1;Judi;m
1;Jujhar;m
1;Jul;m
2;Jules;m
40;Julian;m
2;Julien;m
37;Julius;m
1;Julius-Casimir;m
3;Jun;m
1;Junes;m
6;Junior;m
1;Junxian;m
1;Jupiter;m
1;Jure;m
3;Jürgen;m
4;Juri;m
13;Justus;m
10;Kaan;m
1;Kaan-Gürbüz;m
1;Kacper;m
1;Kaddour;m
1;Kadir;m
5;Kai;m
4;Kaito;m
1;Kalam-Uddin;m
1;Kaleo;m
1;Kalin;m
3;Kalle;m
1;Kamber;m
3;Kamil;m
1;Kamran;m
1;Kanta;m
2;Karam;m
3;Karim;m
55;Karl;m
1;Karl-Heinz;m
3;Karlo;m
1;Karl-Yudo;m
1;Karol;m
4;Kasimir;m
2;Kasper;m
2;Kasra;m
1;Kaya;m
1;Kayetan;m
2;Keanu;m
1;Keleguieni;m
2;Kenan;m
2;Kendrick;m
4;Kenji;m
2;Keno;m
1;Kenshin;m
2;Kenta;m
1;Kerem;m
1;Kerem-Joschua;m
6;Kevin;m
1;Kevin-Nicholas;m
1;Keyan;m
2;Khaled;m
1;Khalid;m
1;Khalil;m
1;Khang;m
2;Kiaan;m
14;Kian;m
6;Kilian;m
1;Kilien;m
1;Kim;m
1;Kimi;m
1;Kimon;m
1;King;m
1;Kin-Hee;m
1;Kirill;m
1;Kirito;m
2;Kiyan;m
2;Kjell;m
2;Klaas;m
6;Klaus;m
1;Knud;m
7;Konrad;m
1;Konstandinos;m
29;Konstantin;m
1;Konstantin-Leonhard;m
3;Konstantinos;m
1;Konstiantinovič;m
1;Koray;m
1;Kornelius;m
1;Kota;m
1;Kouassivi;m
1;Kraev;m
1;Krastev;m
1;Krid;m
1;Kristian;m
1;Kristian-Joël;m
3;Kristijan;m
1;Krzysztof;m
1;Kumar;m
1;Kuno;m
1;Kürşat;m
2;Kurt;m
1;Kusi;m
3;Kuzey;m
1;Kwame;m
1;Kyro;m
4;Laith;m
1;Lanzhou;m
1;Laon;m
6;Lars;m
11;Lasse;m
1;Latif;m
1;Latticio;m
4;Laurenz;m
2;Laurin;m
1;Lavan;m
2;Lazar;m
1;Lazare;m
1;Lazaros;m
3;Lean;m
8;Leander;m
5;Leandro;m
2;Leano;m
1;Leart;m
1;Ledion;m
1;Ledrian;m
1;Lee;m
2;Leevi;m
2;Leif;m
1;Leith;m
1;Lejan;m
1;Lejs;m
2;Len;m
8;Lenn;m
17;Lennard;m
5;Lennart;m
1;Lennert;m
1;Lenni;m
1;Lennik;m
2;Lennox;m
6;Lenny;m
1;Lenny-Dean;m
1;Leno;m
44;Leo;m
1;Léo;m
49;Leon;m
1;Léon;m
1;Leon-Alexander;m
46;Leonard;m
6;Leonardo;m
3;Leonas;m
1;Leone;m
3;Leonhard;m
1;Leonid;m
3;Leonidas;m
1;Leonik;m
1;Leonit;m
21;Leopold;m
1;Leo-Xingrui;m
1;Leutrim;m
1;Lev;m
1;Levan;m
2;Levent;m
3;Levente;m
24;Levi;m
1;Levian;m
1;Levijn;m
8;Levin;m
1;Lewie;m
1;Lewin;m
1;Lewis;m
1;Leyang;m
34;Liam;m
1;Liam-Davis;m
13;Lian;m
3;Liano;m
1;Liar;m
5;Lias;m
1;Liem;m
3;Lino;m
23;Linus;m
18;Lio;m
6;Lion;m
3;Lionel;m
1;Liro;m
1;Liron;m
1;Liyan;m
2;Logan;m
2;Loïc;m
1;Loki;m
4;Lorenz;m
2;Lorenzo;m
2;Lorik;m
2;Loris;m
2;Lothar;m
1;Lou;m
1;Louai;m
2;Louan;m
2;Louay;m
34;Louis;m
1;Louis-Alexander;m
1;Louis-Louay;m
1;Louis-Marie;m
1;Loukas-Tunahan;m
3;Lounis;m
1;Lovis;m
1;Luan;m
1;Luano;m
1;Luar;m
1;Luc;m
38;Luca;m
15;Lucas;m
1;Lucca;m
1;Lucian;m
1;Lucien;m
1;Lúcio;m
2;Lucius;m
8;Ludwig;m
1;Lui;m
32;Luis;m
1;Luis-Alin;m
2;Luk;m
19;Luka;m
42;Lukas;m
1;Lukas-Alexandru;m
1;Lukasz;m
10;Luke;m
1;Luqman;m
3;Lutz;m
1;Luvano;m
1;Lyon;m
1;Maarten;m
1;MacIntyre;m
1;Mads;m
7;Magnus;m
1;Mahdi;m
3;Maher;m
4;Mahir;m
1;Mahir-Kemal;m
1;Mahmoud;m
1;Mahmut-Yiğit;m
2;Maik;m
3;Mailo;m
1;Majed;m
3;Maksim;m
3;Maksymilian;m
1;Malak;m
1;Mali;m
13;Malik;m
1;Malik-İbrahim;m
3;Malo;m
7;Malte;m
1;Malti;m
1;Man;m
1;Manfred;m
1;Manfredo;m
1;Manolo;m
1;Manon;m
1;Mansur;m
1;Manuel;m
1;Manuel-Paul;m
1;Mara;m
1;Maradona;m
1;Marawan;m
10;Marc;m
6;Marcel;m
1;Marcel-Elias;m
3;Marco;m
1;Marcus;m
1;Marek;m
6;Maria;m
1;Marian;m
1;Marie;m
1;Marinos;m
5;Mario;m
1;Marios;m
2;Marius;m
6;Mark;m
1;Márk;m
3;Marko;m
3;Markus;m
1;Marlene;m
1;Marley;m
2;Marlin;m
1;Marlo;m
8;Marlon;m
1;Marouan;m
1;Marten;m
19;Martin;m
2;Marvin;m
1;Mason;m
1;Matei;m
2;Matej;m
1;Matejus;m
13;Mateo;m
6;Matheo;m
2;Mathias;m
1;Mathias-Adrian;m
4;Mathis;m
1;Matías;m
1;Matija;m
1;Matija-Aleksandar;m
1;Matin;m
1;Mato;m
36;Mats;m
13;Matteo;m
3;Matthäus;m
3;Mattheo;m
1;Mattheus;m
3;Matthias;m
5;Matti;m
2;Mattia;m
1;Mattia-Antonio;m
8;Mattis;m
1;Matz;m
1;Matze;m
3;Maurice;m
2;Maurizio;m
1;Mavi;m
27;Max;m
1;Maxi;m
20;Maxim;m
1;Maxime;m
112;Maximilian;m
1;Maximilien;m
1;Mayaev;m
1;Mayser;m
1;Mehdi;m
8;Mehmet;m
1;Mehrsam;m
1;Mekabil-Dehran;m
2;Melvin;m
1;Menil;m
1;Menno;m
1;Menon;m
1;Mensur;m
1;Merand;m
1;Merin;m
1;Mero;m
7;Mert;m
1;Mete;m
2;Metehan;m
1;Metin;m
1;Meyar;m
1;Miaoran;m
24;Michael;m
1;Michał;m
4;Michel;m
1;Michele;m
1;Michi;m
1;Michito;m
1;Mickhael;m
1;Midori;m
6;Miguel;m
1;Miguel-Pablo;m
1;Mik;m
21;Mika;m
1;Mikael;m
2;Mikail;m
1;Mikey;m
1;Miklós;m
1;Milad;m
21;Milan;m
1;Milan-Elyas;m
1;Milan-Laurin;m
1;Milan-Raphael;m
1;Milas;m
1;Milian;m
1;Miljan;m
1;Milkii;m
9;Milo;m
1;Miloš;m
1;Mingjia;m
1;Mingyuan;m
2;Minh;m
3;Mino;m
2;Mio;m
1;Mir;m
3;Mirac;m
3;Miraç;m
2;Miran;m
1;Mirek;m
1;Miro;m
1;Miron;m
1;Miroslaw;m
1;Misha;m
1;Miyo;m
1;Mogens;m
2;Mohamad;m
16;Mohamed;m
2;Mohamed-Amin;m
1;Mohamed-Ilias;m
6;Mohammad;m
13;Mohammed;m
1;Mohammed-Ali;m
1;Mohammed-Yaser;m
1;Mohid;m
1;Mondo;m
1;Monroe;m
36;Moritz;m
1;Mortimer;m
1;Morton;m
1;Motasim;m
1;Motiejus;m
1;Mouad;m
1;Mouhamed;m
1;Mouloud;m
1;Mounir;m
1;Mourad;m
2;Moussa;m
2;Muaz;m
1;Muhamed;m
6;Muhammad;m
9;Muhammed;m
1;Muhammed-Emir;m
1;Mukanay;m
1;Mungi;m
1;Murad;m
2;Murat;m
1;Murray;m
1;Murtala;m
5;Musa;m
2;Musab;m
1;Musawer;m
8;Mustafa;m
1;Mustafa-Yusuf;m
1;Mutalibovič;m
1;Myles;m
1;Myong-Won;m
1;Nabil;m
1;Nadim;m
1;Nadir;m
4;Nael;m
1;Nahuel;m
1;Naidu;m
1;Naif;m
1;Nail;m
1;Naim;m
1;Najeeb;m
2;Nam;m
1;Namik;m
1;Nana;m
1;Narendra;m
1;Nariman;m
1;Narvin;m
1;Nasser;m
2;Natan;m
1;Nataphon;m
11;Nathan;m
1;Nathanael;m
1;Nathanel;m
1;Nathaniel;m
1;Natsu;m
1;Naufel;m
1;Naum;m
1;Naveen;m
1;Navid;m
1;Nawid;m
1;Nawin;m
1;Nazir;m
1;Nedjo;m
1;Nefes;m
1;Neil;m
1;Nektarios;m
5;Neo;m
3;Nepomuk;m
1;Neron;m
1;Nesta;m
1;Nester;m
1;Netanel;m
1;Nevzat;m
1;Nezar;m
1;Ngassa;m
1;Ngọc;m
1;Nguyễn;m
1;Niall;m
10;Nick;m
5;Niclas;m
11;Nico;m
11;Nicolas;m
1;Nicolo;m
2;Niek;m
1;Niel;m
1;Niels;m
1;Niezele;m
1;Nijad;m
4;Nik;m
1;Nikan;m
1;Nikia;m
4;Nikita;m
18;Niklas;m
6;Niko;m
1;Nikola;m
4;Nikolaos;m
8;Nikolas;m
5;Nikolaus;m
1;Nikos;m
1;Nilay;m
3;Nils;m
2;Nima;m
2;Nino;m
1;Nio;m
1;Nirbaan;m
1;Nisar;m
1;Nivan;m
1;Nivin;m
76;Noah;m
1;Noah-Ajdar;m
1;Noah-Elias;m
1;Noah-Franco;m
1;Noam;m
4;Noar;m
2;Noé;m
13;Noel;m
1;Noël;m
1;Noi;m
1;Nolan;m
1;Nomotchi;m
1;Noor;m
2;Norbert;m
1;Norman;m
1;Nouh;m
2;Nour;m
1;Nourallah;m
4;Noyan;m
1;Nue;m
1;Nuh;m
1;Nurettin;m
1;Nuri;m
1;Nyamey;m
1;Obeng;m
2;Odysseas;m
1;Oghosa;m
1;Oke;m
1;Olaf;m
1;Olakunle;m
16;Ole;m
14;Oliver;m
1;Olivier;m
1;Oliwier;m
1;Oloferne;m
9;Omar;m
3;Omer;m
8;Ömer;m
1;Omorotionmwan;m
2;Onat;m
1;Önder;m
2;Onni;m
1;Opoku;m
1;Orell;m
1;Orlendo;m
1;Orpheas;m
1;Osagie;m
2;Osama;m
15;Oscar;m
36;Oskar;m
1;Oskar-Leo;m
2;Osman;m
1;Osose;m
2;Othman;m
1;Otis;m
12;Otto;m
1;Ouail;m
1;Ouassim;m
1;Ousman;m
1;Owin;m
1;Oz;m
2;Ozan;m
1;Pa;m
1;Paavo;m
2;Pablo;m
1;Pak;m
1;Pamir;m
3;Panagiotis;m
1;Pantelis;m
1;Parham;m
1;Paris;m
1;Páris;m
1;Pascal;m
1;Patrice;m
2;Patrick;m
90;Paul;m
1;Pavle;m
1;Pavlo;m
1;Peace;m
3;Pedro;m
1;Peeke;m
1;Peer;m
10;Pepe;m
1;Perseus;m
1;Pete;m
16;Peter;m
1;Petrus;m
1;Pharrell;m
16;Phil;m
5;Phileas;m
9;Philip;m
39;Philipp;m
4;Philippe;m
1;Philippson;m
4;Phillip;m
1;Phillipos;m
1;Phước;m
1;Pierre;m
4;Piet;m
1;Pit;m
1;Pitt;m
1;Pragya;m
2;Praise;m
1;Prasie;m
1;Pusat;m
1;Qasim;m
1;Quang;m
3;Quentin;m
1;Quinn;m
2;Quirin;m
1;Qúy;m
1;Raban;m
1;Radin;m
1;Radoslav;m
1;Radoslavov;m
17;Rafael;m
3;Rafail;m
1;Raffael;m
1;Rafik;m
1;Ragnar;m
1;Rahim;m
2;Rahman;m
1;Rahul;m
1;Raik;m
1;Rainer;m
1;Rajjan;m
1;Rakan;m
1;Rakesh;m
1;Ralf;m
2;Ralph;m
1;Raman;m
1;Ramazan;m
1;Rang;m
11;Raphael;m
1;Rasched;m
1;Rashim;m
1;Ravinder;m
1;Ray;m
10;Rayan;m
1;Rayhan;m
1;Raymon;m
2;Rayyan;m
1;Recep;m
1;Redon;m
1;Redouan;m
1;Rei;m
1;Reinhold;m
2;René;m
1;Reza;m
2;Rian;m
2;Ricardo;m
2;Riccardo;m
6;Richard;m
1;Rico;m
1;Rida;m
1;Rion;m
1;Riyanel;m
1;Riza;m
8;Robert;m
1;Roberto;m
10;Robin;m
1;Rodan;m
1;Rodîn;m
1;Rodolfo;m
1;Rohat;m
1;Roi;m
1;Rolf;m
2;Roman;m
1;Romanovič;m
2;Romeo;m
1;Ronald;m
1;Ronaldo;m
1;Roneet;m
1;Rosario;m
1;Rouven-Alexander;m
1;Rshabh;m
5;Ruben;m
1;Rudi;m
2;Rüdiger;m
2;Rudolf;m
1;Ruilin;m
1;Runqing;m
1;Rüzgar;m
3;Ryan;m
2;Ryu;m
1;Saad;m
1;Saam;m
1;Sabri;m
1;Sadegh;m
1;Sadik;m
2;Safouan;m
1;Safwaan;m
1;Şahin;m
4;Said;m
1;Sajjad;m
1;Saki;m
1;Salah-Eldeen;m
3;Salem;m
1;Salih;m
3;Salim;m
1;Salman;m
2;Salvador;m
1;Salvatore;m
16;Sam;m
1;Samar;m
1;Samer;m
11;Sami;m
4;Samir;m
4;Samu;m
26;Samuel;m
1;Samuli;m
2;San;m
1;Sanju;m
3;Santiago;m
1;Santino;m
1;Santos;m
1;Sarmad;m
1;Saroop;m
1;Sarvesch;m
1;Sascha;m
1;Sasha;m
1;Savvas;m
1;Sayid;m
1;Scott;m
1;Sean;m
21;Sebastian;m
2;Sedat;m
1;Sederino;m
1;Segundo;m
1;Se-Im;m
1;Sejdi;m
1;Selahattin;m
1;Seldin;m
4;Selim;m
1;Selim-Efe;m
5;Semih;m
1;Sennosuke;m
1;Seraphin;m
1;Sercan;m
1;Serdar;m
2;Sergio;m
1;Serhad;m
1;Serhiovič;m
1;Seteven;m
1;Seth;m
1;Sethvalery;m
1;Seven;m
1;Severcan;m
1;Severin;m
1;Sevin;m
1;Seweryn;m
2;Seyed;m
1;Seyid;m
1;Sezer-Ali;m
1;Shad;m
2;Shadi;m
1;Shahyn;m
1;Shaib;m
1;Shakur;m
1;Shankar;m
1;Shaurya;m
4;Shayan;m
1;Shéaltiel;m
2;Shimon;m
1;Shingen;m
1;Shirin;m
1;Shiro;m
1;Shi-Wan;m
1;Shukri;m
1;Shunlin;m
3;Siegfried;m
4;Silas;m
2;Silva;m
17;Simon;m
3;Sinan;m
6;Singh;m
1;Sipan;m
1;Siraç;m
1;Siraj;m
1;Siris;m
1;Șiyar;m
1;Sky;m
1;Slim;m
1;Socrates;m
1;Sofenias;m
1;Sohail;m
1;Solomon;m
1;Son;m
1;Sondre;m
1;Songurhan;m
1;Sosuke;m
1;Sotirios;m
1;Sotos;m
2;Soufian;m
1;Spyridhonas;m
1;Steele;m
6;Stefan;m
1;Ştefan;m
1;Stefano;m
1;Steliev;m
2;Stephan;m
1;Stevan;m
2;Steven;m
1;Stian;m
1;Stilianos;m
1;Sufjan;m
1;Sukhmeet;m
1;Sulaiman;m
1;Sulayman;m
1;Sun;m
1;Sussan;m
3;Sven;m
1;Svetlanov;m
1;Syed;m
3;Szymon;m
1;Taavi;m
7;Taha;m
1;Tahsin;m
1;Taiga;m
1;Taigen;m
3;Taim;m
1;Takahiro;m
1;Takuma;m
1;Takumi;m
1;Tak-Wai;m
1;Talal;m
1;Taliane;m
1;Tamer;m
1;Tamilo;m
2;Tamim;m
1;Tammo;m
1;Tamo;m
1;Tampuli;m
1;Tan;m
1;Tanees;m
1;Taner;m
1;Taran;m
1;Taranvir;m
1;Tarek;m
1;Tareq;m
1;Tarik;m
2;Taro;m
1;Tatsuo;m
2;Taylan;m
2;Taylor;m
1;Tengyu;m
4;Teo;m
1;Teodor;m
1;Teodoros;m
1;Teodosi;m
2;Teoman;m
1;Terry;m
1;Teym;m
1;Thais;m
2;Thees;m
1;Thejas;m
1;Themis;m
33;Theo;m
37;Theodor;m
1;Théophile;m
4;Thiago;m
1;Thierry;m
5;Thies;m
2;Thilo;m
11;Thomas;m
4;Thore;m
2;Tiago;m
1;Tiam;m
1;Tiamo;m
1;Tian;m
1;Tiano-Giuseppe;m
2;Tiberius;m
1;Tibor;m
1;Tigges;m
15;Till;m
1;Tilman;m
1;Tilmann;m
18;Tim;m
1;Timm;m
7;Timo;m
1;Timofei;m
2;Timon;m
1;Timuçin;m
7;Timur;m
2;Tino;m
1;Tito;m
12;Titus;m
1;Tius;m
1;Tiziano;m
1;Tjade;m
1;Tjalf;m
1;Tjen;m
4;Tobias;m
1;Toby;m
39;Tom;m
2;Tomás;m
1;Tomio;m
1;Tomte;m
1;Tonda;m
7;Toni;m
2;Tony;m
2;Toprak;m
1;Torataro;m
1;Tore;m
1;Torodd;m
1;Travis-Liam;m
4;Tristan;m
1;Tschabo;m
1;Tüdelus;m
1;Tudor;m
1;Tuna;m
1;Turan;m
1;Tushar;m
4;Tyler;m
1;Tyron;m
1;Uasdar-Doman;m
1;Udai;m
2;Udo;m
1;Ufuk;m
1;Uko;m
3;Ulrich;m
1;Umar;m
1;Umberto;m
1;Umeyr;m
1;Umut;m
1;Umut-Baran;m
1;Uraz;m
1;Uri;m
1;Uros;m
1;Usein;m
2;Uwe;m
1;Uyiosa;m
1;Valdemar-Luca;m
1;Valdy;m
28;Valentin;m
4;Valentino;m
2;Valerian;m
2;Valerio;m
1;Vansm;m
1;Vasanth;m
1;Vasilije;m
1;Vasilios;m
1;Vassilios;m
1;Vassily;m
1;Vasylovych;m
1;Velizar;m
1;Vendel;m
1;Vian;m
6;Victor;m
1;Victory;m
1;Viet;m
8;Viktor;m
1;Viktoria;m
1;Vince;m
40;Vincent;m
1;Vincenzo;m
1;Vinzent;m
3;Vito;m
1;Vittorio;m
1;Vitus;m
1;Vlad;m
1;Vladislavovič;m
1;Volker;m
1;Volodymyrovič;m
1;Vuk;m
1;Wail;m
1;Wakkas;m
2;Walter;m
1;Wan;m
1;Warin;m
2;Wassim;m
1;Wataru;m
1;Wen;m
1;Wenqi;m
3;Werner;m
15;Wilhelm;m
1;Wilko;m
6;Willem;m
2;Willi;m
10;William;m
1;Willievič;m
1;Wilm;m
2;Wim;m
1;Wisdom;m
1;Witold;m
1;Wolf;m
8;Wolfgang;m
1;Wolfram;m
1;Wuttikorn;m
1;Wyckliffe;m
1;Xaver;m
1;Xavi;m
1;Xavier;m
1;Xhezair;m
1;Xiang;m
1;Xiangxuan;m
1;Xiao;m
1;Ya;m
1;Yadar;m
1;Yae-Jun;m
1;Yagiz;m
1;Yahia;m
2;Yakub;m
3;Yakup;m
1;Yamac;m
2;Yaman;m
1;Yamato;m
1;Yamin;m
1;Yanick;m
4;Yanis;m
1;Yannick;m
1;Yannik;m
1;Yanning;m
1;Yannis;m
1;Yanys;m
1;Yaqub;m
1;Yari;m
1;Yaron;m
1;Yaseen;m
3;Yasin;m
1;Yasser;m
12;Yassin;m
2;Yassine;m
3;Yassir;m
1;Yasu;m
1;Yavuzalp;m
1;Yekta;m
1;Yeon;m
1;Yeshua;m
1;Yibai;m
2;Yigit;m
1;Yiğit;m
1;Yiģit;m
1;Yigithan;m
1;Yiğit-Talha;m
1;Yihan;m
1;Yikai;m
1;Yinuo;m
1;Yitong;m
1;Yixing;m
1;Yiyou;m
1;Yll;m
1;Yoan;m
1;Yooseon;m
1;Yordanov;m
1;Yosef;m
1;Yoshiki;m
1;Yoshinobu;m
2;You;m
14;Younes;m
5;Yousef;m
10;Youssef;m
1;Yu;m
2;Yuan;m
1;Yue;m
1;Yujin;m
3;Yunes;m
1;Yunis;m
2;Yunus;m
1;Yunus-Emre;m
1;Yuqi;m
1;Yuşa;m
6;Yusuf;m
1;Yusuf-Adem;m
1;Yuzhao;m
1;Yves;m
2;Zacharias;m
1;Zafer;m
2;Zain;m
5;Zakaria;m
2;Zakariya;m
2;Zane;m
1;Zayd;m
5;Zayn;m
1;Zeyn;m
1;Zhejia;m
1;Zi;m
2;Zion;m
1;Zlatko;m
1;Zolfakar;m
1;Zorain;m
1;;m
